drug,Cross Carmellose Sodium,Cross Povidone,Sodium Starch Glycolate,Low-Substituted Hydroxypropyl Cellulose,Pregelatinized Starch,MCC,Mannitol,Lactose,Di Calcium Phosphate,Sucrose,Sugartab,Eudragit EPO ,Precirol A TO 5 ,Kyron T-114,Aspartame ,Sodium Saccharin,Sucralose,Sodium Stearyl Fumarate,Magnesium Stearate ,Talc,Aerosil ,Polyvinylpyrrolidone (PVP) K- 30 ,Sodium Lauryl Sulphate,Flavour / Mint ,Classification,,actual dt
17.38,0,0,1.38,0,0,31.03,45.52,0,0,0,0,0,0,0,3.45,0,0,0,0,0,1.24,0,0,0,1,,85
17.38,0,0,4.83,0,0,31.03,42.07,0,0,0,0,0,0,0,3.45,0,0,0,0,0,1.24,0,0,0,1,,56
17.38,0,1.38,0,0,0,31.03,45.52,0,0,0,0,0,0,0,3.45,0,0,0,0,0,1.24,0,0,0,1,,75
17.38,0,4.83,0,0,0,31.03,42.07,0,0,0,0,0,0,0,3.45,0,0,0,0,0,1.24,0,0,0,1,,52
17.38,1.38,0,0,0,0,31.03,45.52,0,0,0,0,0,0,0,3.45,0,0,0,0,0,1.24,0,0,0,1,,65
17.38,4.83,0,0,0,0,31.03,42.07,0,0,0,0,0,0,0,3.45,0,0,0,0,0,1.24,0,0,0,1,,38
15,0,5,10,0,0,15,35,18,0,0,0,0,0,0,0,0,0,0,1,1,0,0,0,0,1,,38.32
15,0,5,10,0,0,25,35,8,0,0,0,0,0,0,0,0,0,0,1,1,0,0,0,0,1,,48.67
15,0,5,6,0,0,20,30,22,0,0,0,0,0,0,0,0,0,0,1,1,0,0,0,0,1,,88.33
15,0,5,6,0,0,15,35,22,0,0,0,0,0,0,0,0,0,0,1,1,0,0,0,0,1,,52.67
15,0,5,8,0,0,25,30,15,0,0,0,0,0,0,0,0,0,0,1,1,0,0,0,0,1,,46.67
15,0,5,8,0,0,15,40,15,0,0,0,0,0,0,0,0,0,0,1,1,0,0,0,0,1,,72.67
15,0,5,6,0,0,25,35,12,0,0,0,0,0,0,0,0,0,0,1,1,0,0,0,0,1,,76.33
15,0,5,10,0,0,20,30,18,0,0,0,0,0,0,0,0,0,0,1,1,0,0,0,0,1,,36.33
15,0,5,10,0,0,20,40,8,0,0,0,0,0,0,0,0,0,0,1,1,0,0,0,0,1,,41.43
15,0,5,8,0,0,25,40,5,0,0,0,0,0,0,0,0,0,0,1,1,0,0,0,0,1,,88.49
15,0,5,8,0,0,15,30,25,0,0,0,0,0,0,0,0,0,0,1,1,0,0,0,0,1,,65
15,0,5,6,0,0,20,40,12,0,0,0,0,0,0,0,0,0,0,1,1,0,0,0,0,1,,97.67
15,0,5,8,0,0,20,35,15,0,0,0,0,0,0,0,0,0,0,1,1,0,0,0,0,1,,66.43
15,0,5,8,0,0,20,35,15,0,0,0,0,0,0,0,0,0,0,1,1,0,0,0,0,1,,73.33
15,0,5,8,0,0,20,35,15,0,0,0,0,0,0,0,0,0,0,1,1,0,0,0,0,1,,63.45
19.96,0,0,2,0,0,76.54,0,0,0,0,0,0,0,0,0,0,0,0,0.5,1,0,0,0,0,1,,65
19.96,0,0,3,0,0,75.54,0,0,0,0,0,0,0,0,0,0,0,0,0.5,1,0,0,0,0,1,,60
19.96,0,0,1,0,0,77.54,0,0,0,0,0,0,0,0,0,0,0,0,0.5,1,0,0,0,0,1,,54
19.96,2,0,0,0,0,76.54,0,0,0,0,0,0,0,0,0,0,0,0,0.5,1,0,0,0,0,1,,35
19.96,3,0,0,0,0,75.54,0,0,0,0,0,0,0,0,0,0,0,0,0.5,1,0,0,0,0,1,,45
19.96,1,0,0,0,0,77.54,0,0,0,0,0,0,0,0,0,0,0,0,0.5,1,0,0,0,0,1,,53
5,0,0,0,0,0,39,54,0,0,0,0,0,0,0,0,0.5,0,0,1,0,0.5,0,0,0,1,,67
5,0,4,0,0,0,39,50,0,0,0,0,0,0,0,0,0.5,0,0,1,0,0.5,0,0,0,0,,10
5,0,0,4,0,0,39,50,0,0,0,0,0,0,0,0,0.5,0,0,1,0,0.5,0,0,0,0,,25.67
5,4,0,0,0,0,39,50,0,0,0,0,0,0,0,0,0.5,0,0,1,0,0.5,0,0,0,0,,9.67
5,0,2,2,0,0,39,50,0,0,0,0,0,0,0,0,0.5,0,0,1,0,0.5,0,0,0,0,,16.33
5,2,0,2,0,0,39,50,0,0,0,0,0,0,0,0,0.5,0,0,1,0,0.5,0,0,0,0,,11.67
5,2,2,0,0,0,39,50,0,0,0,0,0,0,0,0,0.5,0,0,1,0,0.5,0,0,0,0,,13.33
5,1.33,1.33,1.33,0,0,39,50,0,0,0,0,0,0,0,0,0.5,0,0,1,0,0.5,0,0,0,0,,10
33.33,0,0,2,0,0,44.67,16.67,0,0,0,0,0,0,0,1.33,0,0,0,0.67,0,1.33,0,0,0,1,,113
33.33,0,0,4,0,0,42.67,16.67,0,0,0,0,0,0,0,1.33,0,0,0,0.67,0,1.33,0,0,0,1,,90
33.33,0,0,6,0,0,40.67,16.67,0,0,0,0,0,0,0,1.33,0,0,0,0.67,0,1.33,0,0,0,1,,55
33.33,2,0,0,0,0,44.67,16.67,0,0,0,0,0,0,0,1.33,0,0,0,0.67,0,1.33,0,0,0,1,,52
33.33,4,0,0,0,0,42.67,16.67,0,0,0,0,0,0,0,1.33,0,0,0,0.67,0,1.33,0,0,0,1,,37
33.33,6,0,0,0,0,40.67,16.67,0,0,0,0,0,0,0,1.33,0,0,0,0.67,0,1.33,0,0,0,0,,28
33.33,0,2,0,0,0,44.67,16.67,0,0,0,0,0,0,0,1.33,0,0,0,0.67,0,1.33,0,0,0,1,,42
33.33,0,4,0,0,0,42.67,16.67,0,0,0,0,0,0,0,1.33,0,0,0,0.67,0,1.33,0,0,0,1,,31
33.33,0,6,0,0,0,40.67,16.67,0,0,0,0,0,0,0,1.33,0,0,0,0.67,0,1.33,0,0,0,0,,22
21.33,0,0,4,0,0,70.67,0,0,0,0,0,0,0,0,0,0,1.33,0,1.33,1.33,0,0,0,0,1,,52.4
21.33,0,0,5.33,0,0,69.33,0,0,0,0,0,0,0,0,0,0,1.33,0,1.33,1.33,0,0,0,0,1,,50.71
21.33,0,0,6.67,0,0,68,0,0,0,0,0,0,0,0,0,0,1.33,0,1.33,1.33,0,0,0,0,1,,48.07
21.33,0,4,0,0,0,70.67,0,0,0,0,0,0,0,0,0,0,1.33,0,1.33,1.33,0,0,0,0,1,,51.81
21.33,0,5.33,0,0,0,69.33,0,0,0,0,0,0,0,0,0,0,1.33,0,1.33,1.33,0,0,0,0,1,,48.13
21.33,0,6.67,0,0,0,68,0,0,0,0,0,0,0,0,0,0,1.33,0,1.33,1.33,0,0,0,0,1,,42.19
21.33,0,0,0,4,0,70.67,0,0,0,0,0,0,0,0,0,0,1.33,0,1.33,1.33,0,0,0,0,1,,48.19
21.33,0,0,0,5.33,0,69.33,0,0,0,0,0,0,0,0,0,0,1.33,0,1.33,1.33,0,0,0,0,1,,41.91
21.33,0,0,0,6.67,0,68,0,0,0,0,0,0,0,0,0,0,1.33,0,1.33,1.33,0,0,0,0,1,,39.46
3.85,0,3,0,0,0,15.08,0,74.62,0,0,0,0,0,0,1.54,0,0,0,1.15,0,0,0,0,0.77,1,,80
3.85,0,4,0,0,0,13.08,0,74.62,0,0,0,0,0,0,1.54,0,0,0,1.15,0,0,0,0,0.77,1,,71
3.85,0,5,0,0,0,14.08,0,74.62,0,0,0,0,0,0,1.54,0,0,0,1.15,0,0,0,0,0.77,1,,65
3.85,3,0,0,0,0,15.08,0,74.62,0,0,0,0,0,0,1.54,0,0,0,1.15,0,0,0,0,0.77,1,,59
3.85,4,0,0,0,0,13.08,0,74.62,0,0,0,0,0,0,1.54,0,0,0,1.15,0,0,0,0,0.77,1,,54
3.85,5,0,0,0,0,14.08,0,74.62,0,0,0,0,0,0,1.54,0,0,0,1.15,0,0,0,0,0.77,1,,50
3.85,0,0,3,0,0,15.08,0,74.62,0,0,0,0,0,0,1.54,0,0,0,1.15,0,0,0,0,0.77,0,,30
3.85,0,0,4,0,0,13.08,0,74.62,0,0,0,0,0,0,1.54,0,0,0,1.15,0,0,0,0,0.77,0,,25
3.85,0,0,5,0,0,14.08,0,74.62,0,0,0,0,0,0,1.54,0,0,0,1.15,0,0,0,0,0.77,0,,21
5.33,0,0,0,0,0,0,0,85.33,0,0,0,0,0,5.33,0,0,0,0,1.33,0,2.67,0,0,0,1,,45
5.33,0,0,0,0,0,0,0,80,0,0,0,0,0,10.67,0,0,0,0,1.33,0,2.67,0,0,0,1,,52
5.33,0,0,0,0,0,0,0,74.67,0,0,0,0,0,16,0,0,0,0,1.33,0,2.67,0,0,0,1,,55
5.33,0,0,0,0,0,0,0,69.33,0,0,0,0,0,21.33,0,0,0,0,1.33,0,2.67,0,0,0,1,,53
5.33,0,0,0,0,0,0,0,90.67,0,0,0,0,0,0,0,0,0,0,1.33,0,2.67,0,0,0,1,,48
5.33,0,0,10,0,0,0,0,64.67,0,0,0,0,0,16,0,0,0,0,1.33,0,2.67,0,0,0,0,,15
5.33,10,0,0,0,0,0,0,64.67,0,0,0,0,0,16,0,0,0,0,1.33,0,2.67,0,0,0,0,,12
5.33,0,10,0,0,0,0,0,64.67,0,0,0,0,0,16,0,0,0,0,1.33,0,2.67,0,0,0,0,,7
5.33,0,10,0,0,0,0,0,63.33,0,0,0,0,0,16,0,0,1.33,0,1.33,0,2.67,0,0,0,0,,7
5.33,0,10,0,0,0,0,0,62,0,0,0,0,0,16,0,0,2.67,0,1.33,0,2.67,0,0,0,0,,7
5.33,0,10,0,0,0,0,0,60.67,0,0,0,0,0,16,0,0,2.67,0,1.33,0,2.67,0,0,1.33,0,,7
2,0,2,0,0,0,39.5,50,0,0,0,0,0,0,0,5,0,0,0,1.5,0,0,0,0,0,1,,58
2,0,4,0,0,0,37.5,50,0,0,0,0,0,0,0,5,0,0,0,1.5,0,0,0,0,0,1,,51
2,0,6,0,0,0,35.5,50,0,0,0,0,0,0,0,5,0,0,0,1.5,0,0,0,0,0,1,,45
2,0,8,0,0,0,33.5,50,0,0,0,0,0,0,0,5,0,0,0,1.5,0,0,0,0,0,1,,32
2,0,0,2,0,0,39.5,50,0,0,0,0,0,0,0,5,0,0,0,1.5,0,0,0,0,0,1,,150
2,0,0,4,0,0,37.5,50,0,0,0,0,0,0,0,5,0,0,0,1.5,0,0,0,0,0,1,,68
2,0,0,6,0,0,35.5,50,0,0,0,0,0,0,0,5,0,0,0,1.5,0,0,0,0,0,1,,60
2,0,0,8,0,0,33.5,50,0,0,0,0,0,0,0,5,0,0,0,1.5,0,0,0,0,0,1,,54
2,0,0,0,0,0,41.5,50,0,0,0,0,0,0,0,5,0,0,0,1.5,0,0,0,0,0,1,,180
6.25,0,2.5,0,10,0,0,74.43,0,0,0,0,3.13,0,0,2.5,0,0,0,0.6,0,0.6,0,0,0,1,,32
6.25,0,5,0,10,0,0,71.93,0,0,0,0,3.13,0,0,2.5,0,0,0,0.6,0,0.6,0,0,0,0,,17
6.25,0,7.5,0,10,0,0,69.43,0,0,0,0,3.13,0,0,2.5,0,0,0,0.6,0,0.6,0,0,0,0,,15
6.25,2.5,0,0,10,0,0,74.43,0,0,0,0,3.13,0,0,2.5,0,0,0,0.6,0,0.6,0,0,0,1,,33
6.25,5,0,0,10,0,0,71.93,0,0,0,0,3.13,0,0,2.5,0,0,0,0.6,0,0.6,0,0,0,0,,20
6.25,7.5,0,0,10,0,0,69.43,0,0,0,0,3.13,0,0,2.5,0,0,0,0.6,0,0.6,0,0,0,0,,16
6.25,0,0,2.5,10,0,0,74.43,0,0,0,0,3.13,0,0,2.5,0,0,0,0.6,0,0.6,0,0,0,1,,38
6.25,0,0,5,10,0,0,71.93,0,0,0,0,3.13,0,0,2.5,0,0,0,0.6,0,0.6,0,0,0,1,,32
6.25,0,0,7.5,10,0,0,69.43,0,0,0,0,3.13,0,0,2.5,0,0,0,0.6,0,0.6,0,0,0,0,,26
6.25,0,2.5,0,10,0,0,74.43,0,0,0,0,0,3.13,0,2.5,0,0,0,0.6,0,0.6,0,0,0,1,,32
6.25,0,5,0,10,0,0,71.93,0,0,0,0,0,3.13,0,2.5,0,0,0,0.6,0,0.6,0,0,0,0,,24
6.25,0,7.5,0,10,0,0,69.43,0,0,0,0,0,3.13,0,2.5,0,0,0,0.6,0,0.6,0,0,0,0,,22
6.25,2.5,0,0,10,0,0,74.43,0,0,0,0,0,3.13,0,2.5,0,0,0,0.6,0,0.6,0,0,0,1,,34
6.25,5,0,0,10,0,0,71.93,0,0,0,0,0,3.13,0,2.5,0,0,0,0.6,0,0.6,0,0,0,0,,28
6.25,7.5,0,0,10,0,0,69.43,0,0,0,0,0,3.13,0,2.5,0,0,0,0.6,0,0.6,0,0,0,0,,26
6.25,0,0,2.5,10,0,0,74.43,0,0,0,0,0,3.13,0,2.5,0,0,0,0.6,0,0.6,0,0,0,1,,38
6.25,0,0,5,10,0,0,71.93,0,0,0,0,0,3.13,0,2.5,0,0,0,0.6,0,0.6,0,0,0,1,,31
6.25,0,0,7.5,10,0,0,69.43,0,0,0,0,0,3.13,0,2.5,0,0,0,0.6,0,0.6,0,0,0,0,,24
5,0,1,0,0,0,30,0,63,0,0,0,0,0,0,0,0,0,0,1,0,0,0,0,0,0,,28.4
5,0,2,0,0,0,30,0,62,0,0,0,0,0,0,0,0,0,0,1,0,0,0,0,0,0,,22.8
5,0,3,0,0,0,30,0,61,0,0,0,0,0,0,0,0,0,0,1,0,0,0,0,0,0,,28.1
5,0,1,0,0,0,50,0,43,0,0,0,0,0,0,0,0,0,0,1,0,0,0,0,0,0,,19
5,0,2,0,0,0,50,0,42,0,0,0,0,0,0,0,0,0,0,1,0,0,0,0,0,0,,15.1
5,0,3,0,0,0,50,0,41,0,0,0,0,0,0,0,0,0,0,1,0,0,0,0,0,0,,16.5
5,0,1,0,0,0,70,0,23,0,0,0,0,0,0,0,0,0,0,1,0,0,0,0,0,0,,11.4
5,0,2,0,0,0,70,0,22,0,0,0,0,0,0,0,0,0,0,1,0,0,0,0,0,0,,11.5
5,0,3,0,0,0,70,0,21,0,0,0,0,0,0,0,0,0,0,1,0,0,0,0,0,0,,9.3
25,0,0,5,0,0,10,45,0,0,0,13,0,0,0,1,0,0,1,0,0,0,0,0,0,1,,31.5
25,0,0,10,0,0,10,40,0,0,0,13,0,0,0,1,0,0,1,0,0,0,0,0,0,1,,36
25,0,5,0,0,0,10,45,0,0,0,13,0,0,0,1,0,0,1,0,0,0,0,0,0,0,,21.8
25,0,10,0,0,0,10,40,0,0,0,13,0,0,0,1,0,0,1,0,0,0,0,0,0,0,,23.4
25,5,0,0,0,0,10,45,0,0,0,13,0,0,0,1,0,0,1,0,0,0,0,0,0,1,,44
25,10,0,0,0,0,10,40,0,0,0,13,0,0,0,1,0,0,1,0,0,0,0,0,0,1,,58.4
10,0,2,2,0,0,69.5,10,0,0,0,0,0,0,0,3,0,0,0,0.5,0,1,0,0,2,1,,45
10,0,2,8,0,0,63.5,10,0,0,0,0,0,0,0,3,0,0,0,0.5,0,1,0,0,2,0,,23
10,0,4,2,0,0,67.5,10,0,0,0,0,0,0,0,3,0,0,0,0.5,0,1,0,0,2,0,,21
10,0,4,8,0,0,61.5,10,0,0,0,0,0,0,0,3,0,0,0,0.5,0,1,0,0,2,0,,18
10,1,2,0,0,0,70.5,10,0,0,0,0,0,0,0,3,0,0,0,0.5,0,1,0,0,2,1,,58
10,3,2,0,0,0,68.5,10,0,0,0,0,0,0,0,3,0,0,0,0.5,0,1,0,0,2,1,,32
10,1,4,0,0,0,68.5,10,0,0,0,0,0,0,0,3,0,0,0,0.5,0,1,0,0,2,0,,17
10,3,4,0,0,0,66.5,10,0,0,0,0,0,0,0,3,0,0,0,0.5,0,1,0,0,2,0,,13
10,1,0,2,0,0,70.5,10,0,0,0,0,0,0,0,3,0,0,0,0.5,0,1,0,0,2,0,,22
10,3,0,2,0,0,68.5,10,0,0,0,0,0,0,0,3,0,0,0,0.5,0,1,0,0,2,0,,11
10,1,0,8,0,0,64.5,10,0,0,0,0,0,0,0,3,0,0,0,0.5,0,1,0,0,2,0,,14
10,3,0,8,0,0,62.5,10,0,0,0,0,0,0,0,3,0,0,0,0.5,0,1,0,0,2,0,,11
3.01,0,0,8,0,0,42.18,0,42.18,0,0,0,0,0,0,0,0.2,0,0,1,2.43,0.5,0,0,0.5,1,,50
3.01,0,5,0,0,0,43.68,0,43.68,0,0,0,0,0,0,0,0.2,0,0,1,2.43,0.5,0,0,0.5,1,,58
3.01,5,0,0,0,0,43.68,0,43.68,0,0,0,0,0,0,0,0.2,0,0,1,2.43,0.5,0,0,0.5,1,,84
3.01,0,5,8,0,0,39.68,0,39.68,0,0,0,0,0,0,0,0.2,0,0,1,2.43,0.5,0,0,0.5,0,,28
3.01,5,5,0,0,0,41.18,0,41.18,0,0,0,0,0,0,0,0.2,0,0,1,2.43,0.5,0,0,0.5,0,,26
3.01,5,0,8,0,0,39.68,0,39.68,0,0,0,0,0,0,0,0.2,0,0,1,2.43,0.5,0,0,0.5,1,,48
3.01,5,5,8,0,0,37.18,0,37.18,0,0,0,0,0,0,0,0.2,0,0,1,2.43,0.5,0,0,0.5,0,,30
16.67,0,0,4,0,0,0,12.67,16.67,0,50,0,0,0,0,0,0,0,0,0,0,0,0,0,0,1,,60
16.67,0,0,8,0,0,0,16.67,8.67,0,50,0,0,0,0,0,0,0,0,0,0,0,0,0,0,1,,33
16.67,0,0,4,0,0,0,16.67,12.67,0,50,0,0,0,0,0,0,0,0,0,0,0,0,0,0,1,,57
16.67,0,0,6,0,0,0,14.67,12.67,0,50,0,0,0,0,0,0,0,0,0,0,0,0,0,0,1,,45
16.67,0,0,8,0,0,0,12.67,12.67,0,50,0,0,0,0,0,0,0,0,0,0,0,0,0,0,0,,30
16.67,0,0,5,0,0,0,12.67,15.67,0,50,0,0,0,0,0,0,0,0,0,0,0,0,0,0,1,,45
16.67,0,0,4,0,0,0,14.67,14.67,0,50,0,0,0,0,0,0,0,0,0,0,0,0,0,0,1,,55
16.67,0,0,6,0,0,0,16.67,10.67,0,50,0,0,0,0,0,0,0,0,0,0,0,0,0,0,1,,48
16.67,0,0,8,0,0,0,14.67,10.67,0,50,0,0,0,0,0,0,0,0,0,0,0,0,0,0,1,,35
83.33,2,0,0,0,0,9.67,0,0,0,0,0,0,0,0,1,0,0,0,2,0.5,0.5,0,0,1,1,,55
83.33,4,0,0,0,0,7.67,0,0,0,0,0,0,0,0,1,0,0,0,2,0.5,0.5,0,0,1,1,,45
83.33,6,0,0,0,0,5.67,0,0,0,0,0,0,0,0,1,0,0,0,2,0.5,0.5,0,0,1,1,,30.3
83.33,8,0,0,0,0,3.67,0,0,0,0,0,0,0,0,1,0,0,0,2,0.5,0.5,0,0,1,0,,28
83.33,10,0,0,0,0,1.67,0,0,0,0,0,0,0,0,1,0,0,0,2,0.5,0.5,0,0,1,0,,30
50,0,0,2,0,0,20,25,0,0,0,0,0,0,0,0,0,0,0,1.5,1.5,0,0,0,0,1,,90
50,0,0,3,0,0,20,24,0,0,0,0,0,0,0,0,0,0,0,1.5,1.5,0,0,0,0,1,,85
50,0,0,4,0,0,20,23,0,0,0,0,0,0,0,0,0,0,0,1.5,1.5,0,0,0,0,1,,78
50,0,0,5,0,0,20,22,0,0,0,0,0,0,0,0,0,0,0,1.5,1.5,0,0,0,0,1,,65
50,5,0,0,0,0,20,22,0,0,0,0,0,0,0,0,0,0,0,1.5,1.5,0,0,0,0,1,,46
50,0,5,0,0,0,20,22,0,0,0,0,0,0,0,0,0,0,0,1.5,1.5,0,0,0,0,1,,39
10,0,0,0,0,0,0,89,0,0,0,0,0,0,0,0,0,0,0,1,0,0,0,0,0,1,,152
10,0,0,0,0,0,30,59,0,0,0,0,0,0,0,0,0,0,0,1,0,0,0,0,0,0,,18
10,0,0,0,0,0,60,29,0,0,0,0,0,0,0,0,0,0,0,1,0,0,0,0,0,0,,17
10,3,0,0,0,0,0,86,0,0,0,0,0,0,0,0,0,0,0,1,0,0,0,0,0,0,,19
10,3,0,0,0,0,30,56,0,0,0,0,0,0,0,0,0,0,0,1,0,0,0,0,0,0,,13
10,3,0,0,0,0,60,26,0,0,0,0,0,0,0,0,0,0,0,1,0,0,0,0,0,0,,14
10,6,0,0,0,0,0,83,0,0,0,0,0,0,0,0,0,0,0,1,0,0,0,0,0,0,,21
10,6,0,0,0,0,30,53,0,0,0,0,0,0,0,0,0,0,0,1,0,0,0,0,0,0,,15
10,6,0,0,0,0,60,23,0,0,0,0,0,0,0,0,0,0,0,1,0,0,0,0,0,0,,15
20,0,6,0,0,0,0,58.5,0,0,0,0,0,0,0,5,0,0,0,3,3,0,0,2,2.5,1,,98.02
20,0,8,0,0,0,0,56.5,0,0,0,0,0,0,0,5,0,0,0,3,3,0,0,2,2.5,1,,90.12
20,0,10,0,0,0,0,54.5,0,0,0,0,0,0,0,5,0,0,0,3,3,0,0,2,2.5,1,,89.16
20,6,0,0,0,0,0,58.5,0,0,0,0,0,0,0,5,0,0,0,3,3,0,0,2,2.5,1,,117.2
20,8,0,0,0,0,0,56.5,0,0,0,0,0,0,0,5,0,0,0,3,3,0,0,2,2.5,1,,115.5
20,10,0,0,0,0,0,54.5,0,0,0,0,0,0,0,5,0,0,0,3,3,0,0,2,2.5,1,,102.34
20,0,0,6,0,0,0,58.5,0,0,0,0,0,0,0,5,0,0,0,3,3,0,0,2,2.5,1,,121.22
20,0,0,8,0,0,0,56.5,0,0,0,0,0,0,0,5,0,0,0,3,3,0,0,2,2.5,1,,117.23
20,0,0,10,0,0,0,54.5,0,0,0,0,0,0,0,5,0,0,0,3,3,0,0,2,2.5,1,,113.09
25.53,2.13,0,0,0,0,0,46.81,21.28,0,0,0,0,0,0,2.13,0,0,0,1.28,0.85,0,0,0,0,1,,34
25.53,4.26,0,0,0,0,0,44.68,21.28,0,0,0,0,0,0,2.13,0,0,0,1.28,0.85,0,0,0,0,0,,28
25.53,6.38,0,0,0,0,0,42.55,21.28,0,0,0,0,0,0,2.13,0,0,0,1.28,0.85,0,0,0,0,0,,25
25.53,0,0,2.13,0,0,0,46.81,21.28,0,0,0,0,0,0,2.13,0,0,0,1.28,0.85,0,0,0,0,0,,26
25.53,0,0,4.26,0,0,0,44.68,21.28,0,0,0,0,0,0,2.13,0,0,0,1.28,0.85,0,0,0,0,0,,27
25.53,0,0,6.38,0,0,0,42.55,21.28,0,0,0,0,0,0,2.13,0,0,0,1.28,0.85,0,0,0,0,0,,25
25.53,0,2.13,0,0,0,0,46.81,21.28,0,0,0,0,0,0,2.13,0,0,0,1.28,0.85,0,0,0,0,0,,26
25.53,0,4.26,0,0,0,0,44.68,21.28,0,0,0,0,0,0,2.13,0,0,0,1.28,0.85,0,0,0,0,0,,21
25.53,0,6.38,0,0,0,0,42.55,21.28,0,0,0,0,0,0,2.13,0,0,0,1.28,0.85,0,0,0,0,0,,24
33.33,1,0,0,0,0,58.33,0,0,0,0,0,0,0,0,0,3.33,0,0,2,2,0,0,0,0,1,,37
33.33,3,0,0,0,0,56.33,0,0,0,0,0,0,0,0,0,3.33,0,0,2,2,0,0,0,0,1,,38.66
33.33,5,0,0,0,0,54.33,0,0,0,0,0,0,0,0,0,3.33,0,0,2,2,0,0,0,0,1,,32.33
33.33,0,1,0,0,0,58.33,0,0,0,0,0,0,0,0,0,3.33,0,0,2,2,0,0,0,0,1,,43.33
33.33,0,3,0,0,0,56.33,0,0,0,0,0,0,0,0,0,3.33,0,0,2,2,0,0,0,0,1,,37.66
33.33,0,5,0,0,0,54.33,0,0,0,0,0,0,0,0,0,3.33,0,0,2,2,0,0,0,0,1,,31.33
33.33,0,0,1,0,0,58.33,0,0,0,0,0,0,0,0,0,3.33,0,0,2,2,0,0,0,0,1,,42
33.33,0,0,3,0,0,56.33,0,0,0,0,0,0,0,0,0,3.33,0,0,2,2,0,0,0,0,1,,45.66
33.33,0,0,5,0,0,54.33,0,0,0,0,0,0,0,0,0,3.33,0,0,2,2,0,0,0,0,1,,43.33
66.67,0,5,0,0,0,11,13.33,0,0,0,0,0,0,0,2,0,0,0,0.67,0.67,0,0,0,0.67,1,,35
66.67,0,10,0,0,0,6,13.33,0,0,0,0,0,0,0,2,0,0,0,0.67,0.67,0,0,0,0.67,0,,20
66.67,5,0,0,0,0,11,13.33,0,0,0,0,0,0,0,2,0,0,0,0.67,0.67,0,0,0,0.67,1,,40
66.67,10,0,0,0,0,6,13.33,0,0,0,0,0,0,0,2,0,0,0,0.67,0.67,0,0,0,0.67,1,,31
66.67,0,0,5,0,0,11,13.33,0,0,0,0,0,0,0,2,0,0,0,0.67,0.67,0,0,0,0.67,1,,51
66.67,0,0,10,0,0,6,13.33,0,0,0,0,0,0,0,2,0,0,0,0.67,0.67,0,0,0,0.67,1,,43
4,8,0,0,0,0,75.5,10,0,0,0,0,0,0,0,1,0,0,0,1,0,0,0,0,0.5,1,,39.36
4,9,0,0,0,0,74.5,10,0,0,0,0,0,0,0,1,0,0,0,1,0,0,0,0,0.5,1,,38.83
4,10,0,0,0,0,73.5,10,0,0,0,0,0,0,0,1,0,0,0,1,0,0,0,0,0.5,1,,34.3
4,0,8,0,0,0,75.5,10,0,0,0,0,0,0,0,1,0,0,0,1,0,0,0,0,0.5,1,,38.73
4,0,9,0,0,0,74.5,10,0,0,0,0,0,0,0,1,0,0,0,1,0,0,0,0,0.5,1,,34.36
4,0,10,0,0,0,73.5,10,0,0,0,0,0,0,0,1,0,0,0,1,0,0,0,0,0.5,0,,29.3
4,0,0,8,0,0,75.5,10,0,0,0,0,0,0,0,1,0,0,0,1,0,0,0,0,0.5,1,,35.6
4,0,0,9,0,0,74.5,10,0,0,0,0,0,0,0,1,0,0,0,1,0,0,0,0,0.5,1,,31.3
4,0,0,10,0,0,73.5,10,0,0,0,0,0,0,0,1,0,0,0,1,0,0,0,0,0.5,1,,34.3
1.33,0,0,2,0,0,66.67,26.67,0,0,0,0,0,0,0,0,0.67,0,0,0.67,2,0,0,0,0,0,,24
1.33,0,0,2.67,0,0,66,26.67,0,0,0,0,0,0,0,0,0.67,0,0,0.67,2,0,0,0,0,0,,30
1.33,0,0,3.33,0,0,65.33,26.67,0,0,0,0,0,0,0,0,0.67,0,0,0.67,2,0,0,0,0,0,,25
1.33,2,0,0,0,0,66.67,26.67,0,0,0,0,0,0,0,0,0.67,0,0,0.67,2,0,0,0,0,0,,28
1.33,2.67,0,0,0,0,66,26.67,0,0,0,0,0,0,0,0,0.67,0,0,0.67,2,0,0,0,0,0,,29
1.33,3.33,0,0,0,0,65.33,26.67,0,0,0,0,0,0,0,0,0.67,0,0,0.67,2,0,0,0,0,1,,33
10,3,0,0,0,0,62.67,0,20,0,0,0,0,0,0,1.33,0,0,0,1.33,1.67,0,0,0,0,1,,34
10,0,3,0,0,0,62.67,0,20,0,0,0,0,0,0,1.33,0,0,0,1.33,1.67,0,0,0,0,1,,32
10,0,0,3,0,0,62.67,0,20,0,0,0,0,0,0,1.33,0,0,0,1.33,1.67,0,0,0,0,1,,31
10,2,2,0,0,0,62,0,20,0,0,0,0,0,0,1.33,0,0,0,1.33,1.33,0,0,0,0,1,,32
10,2,0,2,0,0,62,0,20,0,0,0,0,0,0,1.33,0,0,0,1.33,1.33,0,0,0,0,0,,28
10,0,2,2,0,0,62,0,20,0,0,0,0,0,0,1.33,0,0,0,1.33,1.33,0,0,0,0,1,,32
10,3,3,0,0,0,60,0,20,0,0,0,0,0,0,1.33,0,0,0,1.33,1.33,0,0,0,0,0,,30
10,3,0,3,0,0,60,0,20,0,0,0,0,0,0,1.33,0,0,0,1.33,1.33,0,0,0,0,0,,23
10,0,3,3,0,0,60,0,20,0,0,0,0,0,0,1.33,0,0,0,1.33,1.33,0,0,0,0,0,,26
18,0,0,2,0,0,50,20,0,0,0,0,0,0,0,0,0,5,3,0,2,0,0,0,0,1,,73
18,0,0,4,0,0,48,20,0,0,0,0,0,0,0,0,0,5,3,0,2,0,0,0,0,1,,67
18,0,0,6,0,0,46,20,0,0,0,0,0,0,0,0,0,5,3,0,2,0,0,0,0,1,,62
18,2,0,0,0,0,50,20,0,0,0,0,0,0,0,0,0,5,3,0,2,0,0,0,0,1,,51
18,4,0,0,0,0,48,20,0,0,0,0,0,0,0,0,0,5,3,0,2,0,0,0,0,1,,42
18,6,0,0,0,0,46,20,0,0,0,0,0,0,0,0,0,5,3,0,2,0,0,0,0,1,,36
18,0,2,0,0,0,50,20,0,0,0,0,0,0,0,0,0,5,3,0,2,0,0,0,0,0,,25
18,0,4,0,0,0,48,20,0,0,0,0,0,0,0,0,0,5,3,0,2,0,0,0,0,0,,20
18,0,6,0,0,0,46,20,0,0,0,0,0,0,0,0,0,5,3,0,2,0,0,0,0,0,,18
3.91,0,0,4,0,0,0,0,0,86.59,0,0,0,0,0,1,0,0,0,1.5,1.5,0.5,0,0,1,1,,33
3.91,4,0,0,0,0,0,0,0,86.59,0,0,0,0,0,1,0,0,0,1.5,1.5,0.5,0,0,1,1,,30.66
3.91,0,4,0,0,0,0,0,0,86.59,0,0,0,0,0,1,0,0,0,1.5,1.5,0.5,0,0,1,1,,31.66
3.91,0,0,6,0,0,0,0,0,84.59,0,0,0,0,0,1,0,0,0,1.5,1.5,0.5,0,0,1,0,,29.66
3.91,6,0,0,0,0,0,0,0,84.59,0,0,0,0,0,1,0,0,0,1.5,1.5,0.5,0,0,1,0,,28
3.91,0,6,0,0,0,0,0,0,84.59,0,0,0,0,0,1,0,0,0,1.5,1.5,0.5,0,0,1,0,,28
3.91,0,0,8,0,0,0,0,0,82.59,0,0,0,0,0,1,0,0,0,1.5,1.5,0.5,0,0,1,0,,26.33
3.91,8,0,0,0,0,0,0,0,82.59,0,0,0,0,0,1,0,0,0,1.5,1.5,0.5,0,0,1,0,,22
3.91,0,8,0,0,0,0,0,0,82.59,0,0,0,0,0,1,0,0,0,1.5,1.5,0.5,0,0,1,0,,15.09
72,0,2,0,0,0,0,20.4,0,0,0,0,0,0,0,4,0,0,0.4,0,0.8,0,0,0,0.4,1,,116.5
72,0,4,0,0,0,0,18.4,0,0,0,0,0,0,0,4,0,0,0.4,0,0.8,0,0,0,0.4,1,,95.16
72,0,6,0,0,0,0,16.4,0,0,0,0,0,0,0,4,0,0,0.4,0,0.8,0,0,0,0.4,1,,56.5
72,0,8,0,0,0,0,14.4,0,0,0,0,0,0,0,4,0,0,0.4,0,0.8,0,0,0,0.4,0,,27.83
72,2,0,0,0,0,0,20.4,0,0,0,0,0,0,0,4,0,0,0.4,0,0.8,0,0,0,0.4,1,,168.83
72,4,0,0,0,0,0,18.4,0,0,0,0,0,0,0,4,0,0,0.4,0,0.8,0,0,0,0.4,1,,98.12
72,6,0,0,0,0,0,16.4,0,0,0,0,0,0,0,4,0,0,0.4,0,0.8,0,0,0,0.4,1,,73.16
72,8,0,0,0,0,0,14.4,0,0,0,0,0,0,0,4,0,0,0.4,0,0.8,0,0,0,0.4,1,,36.66
72,0,0,2,0,0,0,20.4,0,0,0,0,0,0,0,4,0,0,0.4,0,0.8,0,0,0,0.4,1,,171.83
72,0,0,4,0,0,0,18.4,0,0,0,0,0,0,0,4,0,0,0.4,0,0.8,0,0,0,0.4,1,,153
72,0,0,6,0,0,0,16.4,0,0,0,0,0,0,0,4,0,0,0.4,0,0.8,0,0,0,0.4,1,,81.5
72,0,0,8,0,0,0,14.4,0,0,0,0,0,0,0,4,0,0,0.4,0,0.8,0,0,0,0.4,1,,62.66
4,0,0,5,0,0,45.5,40,0,0,0,0,0,0,0,4,0,0,0,0.5,1,0,0,0,0,0,,19.05
4,0,0,7.5,0,0,43,40,0,0,0,0,0,0,0,4,0,0,0,0.5,1,0,0,0,0,0,,22.32
4,0,0,10,0,0,40.5,40,0,0,0,0,0,0,0,4,0,0,0,0.5,1,0,0,0,0,0,,23.22
4,5,0,0,0,0,45.5,40,0,0,0,0,0,0,0,4,0,0,0,0.5,1,0,0,0,0,0,,22.01
4,7.5,0,0,0,0,43,40,0,0,0,0,0,0,0,4,0,0,0,0.5,1,0,0,0,0,0,,21.31
4,0,10,0,0,0,40.5,40,0,0,0,0,0,0,0,4,0,0,0,0.5,1,0,0,0,0,0,,18.5
4,0,2.5,2.5,0,0,45.5,40,0,0,0,0,0,0,0,4,0,0,0,0.5,1,0,0,0,0,0,,13.2
4,0,3.75,3.75,0,0,43,40,0,0,0,0,0,0,0,4,0,0,0,0.5,1,0,0,0,0,0,,14.8
4,0,5,5,0,0,40.5,40,0,0,0,0,0,0,0,4,0,0,0,0.5,1,0,0,0,0,0,,14.99
3.33,1,0,0,0,0,13.33,4,76.33,0,0,0,0,0,0,0,0,0,0,1,1,0,0,0,0,1,,52.5
3.33,2,0,0,0,0,13.33,4,75.33,0,0,0,0,0,0,0,0,0,0,1,1,0,0,0,0,1,,48.3
3.33,4,0,0,0,0,13.33,4,73.33,0,0,0,0,0,0,0,0,0,0,1,1,0,0,0,0,0,,20
3.33,0,1,0,0,0,13.33,4,76.33,0,0,0,0,0,0,0,0,0,0,1,1,0,0,0,0,1,,42.5
3.33,0,2,0,0,0,13.33,4,75.33,0,0,0,0,0,0,0,0,0,0,1,1,0,0,0,0,1,,38
3.33,0,4,0,0,0,13.33,4,73.33,0,0,0,0,0,0,0,0,0,0,1,1,0,0,0,0,0,,18.3
3.33,0,0,2,0,0,13.33,4,75.33,0,0,0,0,0,0,0,0,0,0,1,1,0,0,0,0,1,,70
3.33,0,0,4,0,0,13.33,4,73.33,0,0,0,0,0,0,0,0,0,0,1,1,0,0,0,0,1,,65
3.33,0,0,6,0,0,13.33,4,71.33,0,0,0,0,0,0,0,0,0,0,1,1,0,0,0,0,1,,100
20,0,3,0,0,0,0,70,0,0,0,0,0,0,5,0,0,0,0,1,1,0,0,0,0,0,,25
20,0,6,0,0,0,0,67,0,0,0,0,0,0,5,0,0,0,0,1,1,0,0,0,0,0,,19
20,0,9,0,0,0,0,64,0,0,0,0,0,0,5,0,0,0,0,1,1,0,0,0,0,0,,12
20,0,0,3,0,0,0,70,0,0,0,0,0,0,5,0,0,0,0,1,1,0,0,0,0,1,,50
20,0,0,6,0,0,0,67,0,0,0,0,0,0,5,0,0,0,0,1,1,0,0,0,0,1,,35
20,0,0,9,0,0,0,64,0,0,0,0,0,0,5,0,0,0,0,1,1,0,0,0,0,0,,30
20,3,0,0,0,0,0,70,0,0,0,0,0,0,5,0,0,0,0,1,1,0,0,0,0,0,,30
20,6,0,0,0,0,0,67,0,0,0,0,0,0,5,0,0,0,0,1,1,0,0,0,0,0,,28
20,9,0,0,0,0,0,64,0,0,0,0,0,0,5,0,0,0,0,1,1,0,0,0,0,0,,20
2,1.67,1.67,1.67,0,0,32,55,0,0,0,0,0,0,0,5,0,0,0,0.5,0,0.5,0,0,0,0,,12.56
2,3.33,0,1.67,0,0,32,55,0,0,0,0,0,0,0,5,0,0,0,0.5,0,0.5,0,0,0,0,,12.63
2,0,5,0,0,0,32,55,0,0,0,0,0,0,0,5,0,0,0,0.5,0,0.5,0,0,0,0,,10.81
2,1.67,3.33,0,0,0,32,55,0,0,0,0,0,0,0,5,0,0,0,0.5,0,0.5,0,0,0,0,,8.73
2,0,3.33,1.67,0,0,32,55,0,0,0,0,0,0,0,5,0,0,0,0.5,0,0.5,0,0,0,0,,7.23
2,3.33,0.83,0.83,0,0,32,55,0,0,0,0,0,0,0,5,0,0,0,0.5,0,0.5,0,0,0,0,,12.3
2,1.67,0,3.33,0,0,32,55,0,0,0,0,0,0,0,5,0,0,0,0.5,0,0.5,0,0,0,0,,16.27
2,1.67,1.67,1.67,0,0,32,55,0,0,0,0,0,0,0,5,0,0,0,0.5,0,0.5,0,0,0,0,,12.53
2,5,0,0,0,0,32,55,0,0,0,0,0,0,0,5,0,0,0,0.5,0,0.5,0,0,0,0,,12.87
2,0.83,3.33,0.83,0,0,32,55,0,0,0,0,0,0,0,5,0,0,0,0.5,0,0.5,0,0,0,0,,10.31
2,0,1.67,3.33,0,0,32,55,0,0,0,0,0,0,0,5,0,0,0,0.5,0,0.5,0,0,0,0,,12.72
2,0.83,0.83,3.33,0,0,32,55,0,0,0,0,0,0,0,5,0,0,0,0.5,0,0.5,0,0,0,0,,15.64
2,3.33,1.67,0,0,0,32,55,0,0,0,0,0,0,0,5,0,0,0,0.5,0,0.5,0,0,0,0,,12.07
2,0,0,5,0,0,32,55,0,0,0,0,0,0,0,5,0,0,0,0.5,0,0.5,0,0,0,0,,18.84
25,0,0,0,0,0,36,36,0,0,0,0,0,0,0,2,0,0,0,1,0,0,0,0,0,1,,236
25,2,0,0,0,0,35,35,0,0,0,0,0,0,0,2,0,0,0,1,0,0,0,0,0,0,,29
25,5,0,0,0,0,33.5,33.5,0,0,0,0,0,0,0,2,0,0,0,1,0,0,0,0,0,0,,24
25,10,0,0,0,0,31,31,0,0,0,0,0,0,0,2,0,0,0,1,0,0,0,0,0,0,,24
25,0,0,2,0,0,35,35,0,0,0,0,0,0,0,2,0,0,0,1,0,0,0,0,0,1,,58
25,0,0,5,0,0,33.5,33.5,0,0,0,0,0,0,0,2,0,0,0,1,0,0,0,0,0,1,,53
25,0,0,10,0,0,31,31,0,0,0,0,0,0,0,2,0,0,0,1,0,0,0,0,0,1,,53
25,0,2,0,0,0,35,35,0,0,0,0,0,0,0,2,0,0,0,1,0,0,0,0,0,0,,22
25,0,5,0,0,0,33.5,33.5,0,0,0,0,0,0,0,2,0,0,0,1,0,0,0,0,0,0,,17
25,0,10,0,0,0,31,31,0,0,0,0,0,0,0,2,0,0,0,1,0,0,0,0,0,0,,17
12.5,0,0,0,0,0,43.25,43.25,0,0,0,0,0,0,0,0,0,0,0,1,0,0,0,0,0,1,,36
12.5,2,0,0,0,0,42.25,42.25,0,0,0,0,0,0,0,0,0,0,0,1,0,0,0,0,0,0,,15
12.5,5,0,0,0,0,40.75,40.75,0,0,0,0,0,0,0,0,0,0,0,1,0,0,0,0,0,0,,13
12.5,10,0,0,0,0,38.25,38.25,0,0,0,0,0,0,0,0,0,0,0,1,0,0,0,0,0,0,,13
12.5,0,0,2,0,0,42.25,42.25,0,0,0,0,0,0,0,0,0,0,0,1,0,0,0,0,0,1,,33
12.5,0,0,5,0,0,40.75,40.75,0,0,0,0,0,0,0,0,0,0,0,1,0,0,0,0,0,0,,25
12.5,0,0,10,0,0,38.25,38.25,0,0,0,0,0,0,0,0,0,0,0,1,0,0,0,0,0,0,,23
12.5,0,2,0,0,0,42.25,42.25,0,0,0,0,0,0,0,0,0,0,0,1,0,0,0,0,0,0,,18
12.5,0,5,0,0,0,40.75,40.75,0,0,0,0,0,0,0,0,0,0,0,1,0,0,0,0,0,0,,11
12.5,0,10,0,0,0,38.25,38.25,0,0,0,0,0,0,0,0,0,0,0,1,0,0,0,0,0,0,,12
10,0,0,3,0,0,30,51,0,0,5,0,0,0,0,0,0,0,0,1,0,0,0,0,0,1,,78
10,0,0,4,0,0,30,50,0,0,5,0,0,0,0,0,0,0,0,1,0,0,0,0,0,1,,66
10,0,0,5,0,0,30,49,0,0,5,0,0,0,0,0,0,0,0,1,0,0,0,0,0,1,,56
10,3,0,0,0,0,30,51,0,0,5,0,0,0,0,0,0,0,0,1,0,0,0,0,0,1,,71
10,4,0,0,0,0,30,50,0,0,5,0,0,0,0,0,0,0,0,1,0,0,0,0,0,1,,53
10,5,0,0,0,0,30,49,0,0,5,0,0,0,0,0,0,0,0,1,0,0,0,0,0,1,,46
10,0,3,0,0,0,30,51,0,0,5,0,0,0,0,0,0,0,0,1,0,0,0,0,0,1,,67
10,0,4,0,0,0,30,50,0,0,5,0,0,0,0,0,0,0,0,1,0,0,0,0,0,1,,46
10,0,5,0,0,0,30,49,0,0,5,0,0,0,0,0,0,0,0,1,0,0,0,0,0,0,,25
12.5,0,8,0,0,0,73.5,0,0,0,0,0,0,0,0,0,0,0,0,4,2,0,0,0,0,0,,6
12.5,0,0,8,0,0,73.5,0,0,0,0,0,0,0,0,0,0,0,0,4,2,0,0,0,0,0,,7
12.5,8,0,0,0,0,73.5,0,0,0,0,0,0,0,0,0,0,0,0,4,2,0,0,0,0,0,,11
12.5,0,4,4,0,0,73.5,0,0,0,0,0,0,0,0,0,0,0,0,4,2,0,0,0,0,0,,9
12.5,4,4,0,0,0,73.5,0,0,0,0,0,0,0,0,0,0,0,0,4,2,0,0,0,0,0,,8
12.5,4,0,4,0,0,73.5,0,0,0,0,0,0,0,0,0,0,0,0,4,2,0,0,0,0,0,,15
12.5,3,3,3,0,0,72.5,0,0,0,0,0,0,0,0,0,0,0,0,4,2,0,0,0,0,0,,17
12.5,2,2,0,0,0,77.5,0,0,0,0,0,0,0,0,0,0,0,0,4,2,0,0,0,0,0,,14
12.5,4,2,0,0,0,75.5,0,0,0,0,0,0,0,0,0,0,0,0,4,2,0,0,0,0,0,,10.03
12.5,6,2,0,0,0,73.5,0,0,0,0,0,0,0,0,0,0,0,0,4,2,0,0,0,0,0,,7.33
12.5,2,4,0,0,0,75.5,0,0,0,0,0,0,0,0,0,0,0,0,4,2,0,0,0,0,0,,11.66
12.5,4,4,0,0,0,73.5,0,0,0,0,0,0,0,0,0,0,0,0,4,2,0,0,0,0,0,,8.66
12.5,6,4,0,0,0,71.5,0,0,0,0,0,0,0,0,0,0,0,0,4,2,0,0,0,0,0,,7.66
12.5,2,6,0,0,0,73.5,0,0,0,0,0,0,0,0,0,0,0,0,4,2,0,0,0,0,0,,10.66
12.5,4,6,0,0,0,71.5,0,0,0,0,0,0,0,0,0,0,0,0,4,2,0,0,0,0,0,,5.66
12.5,6,6,0,0,0,69.5,0,0,0,0,0,0,0,0,0,0,0,0,4,2,0,0,0,0,0,,7.66
10,0,2,2,0,0,69.5,10,0,0,0,0,0,0,0,3,0,0,0,0.5,0,1,0,0,2,1,,45
10,0,2,8,0,0,63.5,10,0,0,0,0,0,0,0,3,0,0,0,0.5,0,1,0,0,2,0,,23
10,0,4,2,0,0,67.5,10,0,0,0,0,0,0,0,3,0,0,0,0.5,0,1,0,0,2,0,,21
10,0,4,8,0,0,61.5,10,0,0,0,0,0,0,0,3,0,0,0,0.5,0,1,0,0,2,0,,18
10,1,2,0,0,0,70.5,10,0,0,0,0,0,0,0,3,0,0,0,0.5,0,1,0,0,2,1,,58
10,3,2,0,0,0,68.5,10,0,0,0,0,0,0,0,3,0,0,0,0.5,0,1,0,0,2,1,,32
10,1,4,0,0,0,68.5,10,0,0,0,0,0,0,0,3,0,0,0,0.5,0,1,0,0,2,0,,17
10,3,4,0,0,0,66.5,10,0,0,0,0,0,0,0,3,0,0,0,0.5,0,1,0,0,2,0,,13
10,1,0,2,0,0,70.5,10,0,0,0,0,0,0,0,3,0,0,0,0.5,0,1,0,0,2,0,,22
10,3,0,2,0,0,68.5,10,0,0,0,0,0,0,0,3,0,0,0,0.5,0,1,0,0,2,0,,11
10,1,0,8,0,0,64.5,10,0,0,0,0,0,0,0,3,0,0,0,0.5,0,1,0,0,2,0,,14
10,3,0,8,0,0,62.5,10,0,0,0,0,0,0,0,3,0,0,0,0.5,0,1,0,0,2,0,,11
28.57,0,0,4,0,0,0,60.07,0,0,0,0,0,0,0,5.71,0,0,0,0.71,0,0.36,0,0,0.57,1,,59.1
28.57,4,0,0,0,0,0,60.07,0,0,0,0,0,0,0,5.71,0,0,0,0.71,0,0.36,0,0,0.57,1,,31.1
28.57,0,4,0,0,0,0,60.07,0,0,0,0,0,0,0,5.71,0,0,0,0.71,0,0.36,0,0,0.57,1,,44.3
28.57,0,0,5,0,0,0,59.07,0,0,0,0,0,0,0,5.71,0,0,0,0.71,0,0.36,0,0,0.57,1,,41.6
28.57,5,0,0,0,0,0,59.07,0,0,0,0,0,0,0,5.71,0,0,0,0.71,0,0.36,0,0,0.57,0,,19.8
28.57,0,5,0,0,0,0,59.07,0,0,0,0,0,0,0,5.71,0,0,0,0.71,0,0.36,0,0,0.57,1,,30.6
28.57,6,0,0,0,0,0,58.07,0,0,0,0,0,0,0,5.71,0,0,0,0.71,0,0.36,0,0,0.57,0,,11.9
28.57,7,0,0,0,0,0,57.07,0,0,0,0,0,0,0,5.71,0,0,0,0.71,0,0.36,0,0,0.57,0,,16.14
33.33,0,0,3,0,0,39.67,20,0,0,0,0,0,0,0,1,0,0,0,2,1,0,0,0,0,1,,55.13
33.33,0,0,4,0,0,38.67,20,0,0,0,0,0,0,0,1,0,0,0,2,1,0,0,0,0,1,,45.5
33.33,0,0,5,0,0,37.67,20,0,0,0,0,0,0,0,1,0,0,0,2,1,0,0,0,0,1,,33.62
33.33,3,0,0,0,0,39.67,20,0,0,0,0,0,0,0,1,0,0,0,2,1,0,0,0,0,1,,36.25
33.33,4,0,0,0,0,38.67,20,0,0,0,0,0,0,0,1,0,0,0,2,1,0,0,0,0,1,,31.94
33.33,5,0,0,0,0,37.67,20,0,0,0,0,0,0,0,1,0,0,0,2,1,0,0,0,0,0,,25.09
33.33,0,3,0,0,0,39.67,20,0,0,0,0,0,0,0,1,0,0,0,2,1,0,0,0,0,1,,32.17
33.33,0,4,0,0,0,38.67,20,0,0,0,0,0,0,0,1,0,0,0,2,1,0,0,0,0,0,,24.16
33.33,0,5,0,0,0,37.67,20,0,0,0,0,0,0,0,1,0,0,0,2,1,0,0,0,0,0,,18.65
5,12.5,0,0,0,0,10,0,70,0,0,0,0,0,0,0,0,0,0,2.5,0,0,0,0,0,1,,35
5,0,0,12.5,0,0,10,0,70,0,0,0,0,0,0,0,0,0,0,2.5,0,0,0,0,0,0,,30
5,0,12.5,10,0,0,0,0,70,0,0,0,0,0,0,0,0,0,0,2.5,0,0,0,0,0,0,,24
5,12.5,0,0,0,10,0,0,70,0,0,0,0,0,0,0,0,0,0,2.5,0,0,0,0,0,1,,48
5,0,0,12.5,0,10,0,0,70,0,0,0,0,0,0,0,0,0,0,2.5,0,0,0,0,0,1,,40
5,0,12.5,0,0,10,0,0,70,0,0,0,0,0,0,0,0,0,0,2.5,0,0,0,0,0,1,,38
2,0,0,0,0,2,92,0,0,0,0,0,0,0,0,0,0,0,0,1,1,0,2,0,0,0,,25
2,0,0,0,0,4,90,0,0,0,0,0,0,0,0,0,0,0,0,1,1,0,2,0,0,0,,13
2,0,0,0,0,6,88,0,0,0,0,0,0,0,0,0,0,0,0,1,1,0,2,0,0,0,,12
2,0,0,2,0,0,92,0,0,0,0,0,0,0,0,0,0,0,0,1,1,0,2,0,0,1,,31
2,0,0,4,0,0,90,0,0,0,0,0,0,0,0,0,0,0,0,1,1,0,2,0,0,0,,20
2,0,0,6,0,0,88,0,0,0,0,0,0,0,0,0,0,0,0,1,1,0,2,0,0,0,,30
1,0,0,1,0,0,0,90.5,0,0,0,0,0,0,0,0,2.5,0,1.5,0,1.5,0,2,0,0,1,,80
1,0,0,2,0,0,0,89.5,0,0,0,0,0,0,0,0,2.5,0,1.5,0,1.5,0,2,0,0,1,,59
1,0,0,4,0,0,0,87.5,0,0,0,0,0,0,0,0,2.5,0,1.5,0,1.5,0,2,0,0,1,,34
1,0,0,6,0,0,0,85.5,0,0,0,0,0,0,0,0,2.5,0,1.5,0,1.5,0,2,0,0,1,,48
1,0,0,8,0,0,0,83.5,0,0,0,0,0,0,0,0,2.5,0,1.5,0,1.5,0,2,0,0,1,,78
1,0,0,10,0,0,0,81.5,0,0,0,0,0,0,0,0,2.5,0,1.5,0,1.5,0,2,0,0,1,,95
50,0,0,0,0,0,20,26,0,0,0,0,0,0,0,1,0,0,0,1.5,1.5,0,0,0,0,1,,85
50,1,0,1,0,0,20,24,0,0,0,0,0,0,0,1,0,0,0,1.5,1.5,0,0,0,0,1,,80
50,2,0,2,0,0,20,22,0,0,0,0,0,0,0,1,0,0,0,1.5,1.5,0,0,0,0,1,,70
50,3,0,3,0,0,20,20,0,0,0,0,0,0,0,1,0,0,0,1.5,1.5,0,0,0,0,1,,65
50,4,0,4,0,0,20,18,0,0,0,0,0,0,0,1,0,0,0,1.5,1.5,0,0,0,0,1,,55
50,5,0,5,0,0,20,16,0,0,0,0,0,0,0,1,0,0,0,1.5,1.5,0,0,0,0,1,,44
50,0.17,0,0,0,0,34.59,15,0,0,0,0,0,0,0,0,0,0,0,0.09,0.17,0,0,0,0,1,,90
50,0.33,0,0,0,0,34.42,15,0,0,0,0,0,0,0,0,0,0,0,0.09,0.17,0,0,0,0,1,,88
50,0.5,0,0,0,0,34.26,15,0,0,0,0,0,0,0,0,0,0,0,0.09,0.17,0,0,0,0,1,,85
50,0.66,0,0,0,0,34.09,15,0,0,0,0,0,0,0,0,0,0,0,0.09,0.17,0,0,0,0,1,,82
50,0.83,0,0,0,0,33.93,15,0,0,0,0,0,0,0,0,0,0,0,0.09,0.17,0,0,0,0,1,,78
50,0.99,0,0,0,0,33.76,15,0,0,0,0,0,0,0,0,0,0,0,0.09,0.17,0,0,0,0,1,,76
50,0,0,0.17,0,0,34.59,15,0,0,0,0,0,0,0,0,0,0,0,0.09,0.17,0,0,0,0,1,,95
50,0,0,0.33,0,0,34.42,15,0,0,0,0,0,0,0,0,0,0,0,0.09,0.17,0,0,0,0,1,,93
50,0,0,0.5,0,0,34.26,15,0,0,0,0,0,0,0,0,0,0,0,0.09,0.17,0,0,0,0,1,,92
50,0,0,0.66,0,0,34.09,15,0,0,0,0,0,0,0,0,0,0,0,0.09,0.17,0,0,0,0,1,,90
50,0,0,0.83,0,0,33.93,15,0,0,0,0,0,0,0,0,0,0,0,0.09,0.17,0,0,0,0,1,,87
50,0,0,0.99,0,0,33.76,15,0,0,0,0,0,0,0,0,0,0,0,0.09,0.17,0,0,0,0,1,,85
3.33,0,0,5,0,0,0,0,86.33,0,0,0,3.33,0,0,0,0,0,0,1,1,0,0,0,0,0,,11.67
3.33,0,0,7.5,0,0,0,0,83.83,0,0,0,3.33,0,0,0,0,0,0,1,1,0,0,0,0,0,,9.33
3.33,0,0,10,0,0,0,0,81.33,0,0,0,3.33,0,0,0,0,0,0,1,1,0,0,0,0,0,,8
3.33,0,0,0,5,0,0,0,86.33,0,0,0,3.33,0,0,0,0,0,0,1,1,0,0,0,0,0,,19.3
3.33,0,0,0,7.5,0,0,0,83.83,0,0,0,3.33,0,0,0,0,0,0,1,1,0,0,0,0,0,,18.33
3.33,0,0,0,10,0,0,0,81.33,0,0,0,3.33,0,0,0,0,0,0,1,1,0,0,0,0,0,,16.33
3.33,0,0,0,0,0,5,0,86.33,0,0,0,3.33,0,0,0,0,0,0,1,1,0,0,0,0,0,,23.67
3.33,0,0,0,0,0,7.5,0,83.83,0,0,0,3.33,0,0,0,0,0,0,1,1,0,0,0,0,0,,19.33
3.33,0,0,0,0,0,10,0,81.33,0,0,0,3.33,0,0,0,0,0,0,1,1,0,0,0,0,0,,17.33
9.52,0,0,3.81,0,0,23.81,0,52.38,0,0,0,0,0,0,4.76,0,0,0,0.95,4.76,0,0,0,0,0,,12.6
9.52,1.9,1.9,0,0,0,23.81,0,52.38,0,0,0,0,0,0,4.76,0,0,0,0.95,4.76,0,0,0,0,0,,4.2
9.52,3.81,0,0,0,0,23.81,0,52.38,0,0,0,0,0,0,4.76,0,0,0,0.95,4.76,0,0,0,0,0,,19.8
9.52,0,1.9,1.9,0,0,23.81,0,52.38,0,0,0,0,0,0,4.76,0,0,0,0.95,4.76,0,0,0,0,0,,14.4
9.52,0,3.81,0,0,0,23.81,0,52.38,0,0,0,0,0,0,4.76,0,0,0,0.95,4.76,0,0,0,0,0,,2.4
9.52,1.9,0,1.9,0,0,23.81,0,52.38,0,0,0,0,0,0,4.76,0,0,0,0.95,4.76,0,0,0,0,0,,23.4
9.52,1.27,1.27,1.27,0,0,23.81,0,52.38,0,0,0,0,0,0,4.76,0,0,0,0.95,4.76,0,0,0,0,0,,12
9.52,1.52,2.29,0,0,0,23.81,0,52.38,0,0,0,0,0,0,4.76,0,0,0,0.95,4.76,0,0,0,0,0,,3
73.11,13.33,0,0,0,0,0,11.06,0,0,0,0,0,0,0,0,0,0,0,1,1,0,0,0,0.5,0,,22
73.11,22.22,0,0,0,0,0,2.17,0,0,0,0,0,0,0,0,0,0,0,1,1,0,0,0,0.5,0,,20
73.11,0,0,0,0,0,13.33,11.06,0,0,0,0,0,0,0,0,0,0,0,1,1,0,0,0,0.5,0,,28
73.11,0,0,0,0,0,22.22,2.17,0,0,0,0,0,0,0,0,0,0,0,1,1,0,0,0,0.5,1,,32
73.11,0,0,13.33,0,0,0,11.06,0,0,0,0,0,0,0,0,0,0,0,1,1,0,0,0,0.5,0,,29
73.11,0,0,22.22,0,0,0,2.17,0,0,0,0,0,0,0,0,0,0,0,1,1,0,0,0,0.5,0,,30
0.67,2.5,2.5,0,0,0,90.33,0,0,0,0,0,0,0,0,0,0,0,0,2,2,0,0,0,0,1,,120
0.67,5,5,0,0,0,85.33,0,0,0,0,0,0,0,0,0,0,0,0,2,2,0,0,0,0,1,,144
0.67,0,2.5,2.5,0,0,90.33,0,0,0,0,0,0,0,0,0,0,0,0,2,2,0,0,0,0,1,,144
0.67,0,5,5,0,0,85.33,0,0,0,0,0,0,0,0,0,0,0,0,2,2,0,0,0,0,1,,132
0.67,2.5,0,2.5,0,0,90.33,0,0,0,0,0,0,0,0,0,0,0,0,2,2,0,0,0,0,1,,138
0.67,5,0,5,0,0,85.33,0,0,0,0,0,0,0,0,0,0,0,0,2,2,0,0,0,0,1,,84
76.96,0,5.42,0,0,0,0.81,13.55,0,0,0,0,0,0,0,0.54,0,0,0,1.36,1.36,0,0,0,0,1,,52
76.96,0,6.78,0,0,0,0.81,12.2,0,0,0,0,0,0,0,0.54,0,0,0,1.36,1.36,0,0,0,0,1,,50
76.96,0,8.13,0,0,0,0.81,10.84,0,0,0,0,0,0,0,0.54,0,0,0,1.36,1.36,0,0,0,0,1,,50
76.96,0,9.49,0,0,0,0.81,9.49,0,0,0,0,0,0,0,0.54,0,0,0,1.36,1.36,0,0,0,0,1,,38
76.96,0,10.84,0,0,0,0.81,8.13,0,0,0,0,0,0,0,0.54,0,0,0,1.36,1.36,0,0,0,0,1,,47
76.96,0,12.2,0,0,0,0.81,6.78,0,0,0,0,0,0,0,0.54,0,0,0,1.36,1.36,0,0,0,0,1,,36
76.96,0,11.92,0,0,0,0.81,7.05,0,0,0,0,0,0,0,0.54,0,0,0,1.36,1.36,0,0,0,0,1,,48
76.96,0,11.38,0,0,0,0.81,7.59,0,0,0,0,0,0,0,0.54,0,0,0,1.36,1.36,0,0,0,0,1,,47
76.96,0,10.3,0,0,0,0.81,8.67,0,0,0,0,0,0,0,0.54,0,0,0,1.36,1.36,0,0,0,0,1,,45
4.55,0,3.64,0,0,0,0,81.82,0,0,0,0,0,0,0,0,1.82,0.91,0,0.91,0,4.55,0,0,1.82,1,,155
4.55,0,3.64,0,0,0,18.18,63.64,0,0,0,0,0,0,0,0,1.82,0.91,0,0.91,0,4.55,0,0,1.82,1,,145
4.55,0,3.64,0,0,0,18.18,61.82,0,0,0,0,0,0,0,0,1.82,0.91,0,0.91,0,4.55,0,0,3.64,1,,130
4.55,0,3.64,0,0,0,18.18,60,0,0,0,0,0,0,0,0,1.82,1.82,0,0.91,0,4.55,0,0,4.55,1,,138
4.55,0,5.45,0,0,0,18.18,58.18,0,0,0,0,0,0,0,0,1.82,1.82,0,0.91,0,4.55,0,0,4.55,1,,90
4.55,0,7.27,0,0,0,18.18,56.36,0,0,0,0,0,0,0,0,1.82,1.82,0,0.91,0,4.55,0,0,4.55,1,,45
4.55,7.27,7.27,0,0,0,18.18,49.09,0,0,0,0,0,0,0,0,1.82,1.82,0,0.91,0,4.55,0,0,4.55,0,,15
4.55,7.27,7.27,0,0,0,18.18,49.09,0,0,0,0,0,0,0,0,1.82,1.82,0,0.91,0,4.55,0,0,4.55,0,,12
4.55,7.27,7.27,0,0,0,18.18,49.09,0,0,0,0,0,0,0,0,1.82,1.82,0,0.91,0,4.55,0,0,4.55,0,,14
81.97,0,0,4.55,0,0,4.55,0,0,0,0,0,0,0,0,3.64,0,0,0,0.55,0.73,0.36,0,0,3.64,0,,10
81.97,0,0,6.38,0,0,2.73,0,0,0,0,0,0,0,0,3.64,0,0,0,0.55,0.73,0.36,0,0,3.64,0,,12
81.97,0,0,3.64,0,0,5.46,0,0,0,0,0,0,0,0,3.64,0,0,0,0.55,0.73,0.36,0,0,3.64,0,,12
81.97,0,4.55,0,0,0,4.55,0,0,0,0,0,0,0,0,3.64,0,0,0,0.55,0.73,0.36,0,0,3.64,0,,11
81.97,0,6.38,0,0,0,2.73,0,0,0,0,0,0,0,0,3.64,0,0,0,0.55,0.73,0.36,0,0,3.64,0,,10
81.97,0,3.64,0,0,0,5.46,0,0,0,0,0,0,0,0,3.64,0,0,0,0.55,0.73,0.36,0,0,3.64,0,,9
81.97,0,2.73,2.73,0,0,3.64,0,0,0,0,0,0,0,0,3.64,0,0,0,0.55,0.73,0.36,0,0,3.64,0,,12
20,0,0,1,0,0,75.6,0,0,0,0,0,0,0,0,1.4,0,0,0,1,0.5,0,0,0,0.5,1,,70.56
20,0,0,2.5,0,0,74.1,0,0,0,0,0,0,0,0,1.4,0,0,0,1,0.5,0,0,0,0.5,1,,61.32
20,0,0,5,0,0,71.6,0,0,0,0,0,0,0,0,1.4,0,0,0,1,0.5,0,0,0,0.5,1,,55.16
20,0,0,7.5,0,0,69.1,0,0,0,0,0,0,0,0,1.4,0,0,0,1,0.5,0,0,0,0.5,1,,46.96
20,0,1,0,0,0,75.6,0,0,0,0,0,0,0,0,1.4,0,0,0,1,0.5,0,0,0,0.5,1,,61.89
20,0,2.5,0,0,0,74.1,0,0,0,0,0,0,0,0,1.4,0,0,0,1,0.5,0,0,0,0.5,1,,58.45
20,0,5,0,0,0,71.6,0,0,0,0,0,0,0,0,1.4,0,0,0,1,0.5,0,0,0,0.5,1,,48.95
20,0,7.5,0,0,0,69.1,0,0,0,0,0,0,0,0,1.4,0,0,0,1,0.5,0,0,0,0.5,1,,33.31
5,0,0,1.25,0,0,76.75,12,0,0,0,0,0,0,0,0,0.625,0,0,0.625,0,1.25,0,0,2.5,1,,55
5,1.25,0,0,0,0,76.75,12,0,0,0,0,0,0,0,0,0.625,0,0,0.625,0,1.25,0,0,2.5,1,,67.5
5,1.25,0,1.25,0,0,75.5,12,0,0,0,0,0,0,0,0,0.625,0,0,0.625,0,1.25,0,0,2.5,1,,59
5,2.5,0,2.5,0,0,73,12,0,0,0,0,0,0,0,0,0.625,0,0,0.625,0,1.25,0,0,2.5,0,,4
5,2.5,0,5,0,0,70.5,12,0,0,0,0,0,0,0,0,0.625,0,0,0.625,0,1.25,0,0,2.5,0,,4
5,5,0,2.5,0,0,70.5,12,0,0,0,0,0,0,0,0,0.625,0,0,0.625,0,1.25,0,0,2.5,0,,6
5,0,0,5,0,0,73,12,0,0,0,0,0,0,0,0,0.625,0,0,0.625,0,1.25,0,0,2.5,1,,33.5
5,5,0,0,0,0,73,12,0,0,0,0,0,0,0,0,0.625,0,0,0.625,0,1.25,0,0,2.5,1,,39
12.5,0,0,0,1.5,0,25,56,0,0,0,0,0,0,0,2,0,0,2,0,1,0,0,0,0,1,,58.73
12.5,0,0,0,3,0,25,54.5,0,0,0,0,0,0,0,2,0,0,2,0,1,0,0,0,0,1,,50.18
12.5,0,0,0,4.5,0,25,53,0,0,0,0,0,0,0,2,0,0,2,0,1,0,0,0,0,1,,44.37
12.5,1.5,0,0,0,0,25,56,0,0,0,0,0,0,0,2,0,0,2,0,1,0,0,0,0,1,,48.02
12.5,3,0,0,0,0,25,54.5,0,0,0,0,0,0,0,2,0,0,2,0,1,0,0,0,0,1,,40.09
12.5,4.5,0,0,0,0,25,53,0,0,0,0,0,0,0,2,0,0,2,0,1,0,0,0,0,1,,34.86
12.5,0,1.5,0,0,0,25,56,0,0,0,0,0,0,0,2,0,0,2,0,1,0,0,0,0,1,,40.73
12.5,0,3,0,0,0,25,54.5,0,0,0,0,0,0,0,2,0,0,2,0,1,0,0,0,0,1,,30.46
12.5,0,4.5,0,0,0,25,53,0,0,0,0,0,0,0,2,0,0,2,0,1,0,0,0,0,0,,23.87
12.5,0,0,1.5,0,0,25,56,0,0,0,0,0,0,0,2,0,0,2,0,1,0,0,0,0,1,,68.21
12.5,0,0,3,0,0,25,54.5,0,0,0,0,0,0,0,2,0,0,2,0,1,0,0,0,0,1,,57.68
12.5,0,0,4.5,0,0,25,53,0,0,0,0,0,0,0,2,0,0,2,0,1,0,0,0,0,1,,49.09
12.5,0,0,0,0,1.5,25,56,0,0,0,0,0,0,0,2,0,0,2,0,1,0,0,0,0,1,,177.61
12.5,0,0,0,0,3,25,54.5,0,0,0,0,0,0,0,2,0,0,2,0,1,0,0,0,0,1,,152.43
12.5,0,0,0,0,4.5,25,53,0,0,0,0,0,0,0,2,0,0,2,0,1,0,0,0,0,1,,133.23
7.5,10,0,0,0,0,0,77.5,0,0,0,0,0,0,0,2.5,0,0,0,1.5,1,0,0,0,0,0,,29
7.5,20,0,0,0,0,0,67.5,0,0,0,0,0,0,0,2.5,0,0,0,1.5,1,0,0,0,0,1,,32
7.5,0,10,0,0,0,0,77.5,0,0,0,0,0,0,0,2.5,0,0,0,1.5,1,0,0,0,0,1,,38
7.5,0,20,0,0,0,0,67.5,0,0,0,0,0,0,0,2.5,0,0,0,1.5,1,0,0,0,0,1,,42
66.67,0,0,0,0,0,0,29.33,0,0,0,0,0,0,0,1.33,0,0,0,1.33,0.67,0,0,0,0.67,1,,80
66.67,0,5,0,0,0,0,24.33,0,0,0,0,0,0,0,1.33,0,0,0,1.33,0.67,0,0,0,0.67,1,,40.16
66.67,0,7.5,0,0,0,0,21.83,0,0,0,0,0,0,0,1.33,0,0,0,1.33,0.67,0,0,0,0.67,1,,40.5
66.67,0,10,0,0,0,0,19.33,0,0,0,0,0,0,0,1.33,0,0,0,1.33,0.67,0,0,0,0.67,1,,38
66.67,5,0,0,0,0,0,24.33,0,0,0,0,0,0,0,1.33,0,0,0,1.33,0.67,0,0,0,0.67,1,,55.33
66.67,7.5,0,0,0,0,0,21.83,0,0,0,0,0,0,0,1.33,0,0,0,1.33,0.67,0,0,0,0.67,1,,52.5
66.67,10,0,0,0,0,0,19.33,0,0,0,0,0,0,0,1.33,0,0,0,1.33,0.67,0,0,0,0.67,1,,42.75
66.67,0,0,5,0,0,0,24.33,0,0,0,0,0,0,0,1.33,0,0,0,1.33,0.67,0,0,0,0.67,1,,47
66.67,0,0,7.5,0,0,0,21.83,0,0,0,0,0,0,0,1.33,0,0,0,1.33,0.67,0,0,0,0.67,1,,46.83
66.67,0,0,10,0,0,0,19.33,0,0,0,0,0,0,0,1.33,0,0,0,1.33,0.67,0,0,0,0.67,1,,45.5
